create schema TP1_bd_suivi;
set search_path=TP1_bd_suivi;

  CREATE TABLE QUESTION 
   (	IDQ NUMERIC(3,0), 
	NUMTP NUMERIC(2,0), 
	NIVEAU VARCHAR(15), 
	TEMPS NUMERIC(2,0), 
	NBVARIANTES NUMERIC(1,0), 
	NBPOINTS NUMERIC(4,2)
   ) ;
--------------------------------------------------------
--  DDL for Table EVALUATION
--------------------------------------------------------
 
  CREATE TABLE EVALUATION 
   (	IDQ NUMERIC(3,0), 
	NUMET NUMERIC(4,0), 
	RESULTAT VARCHAR(20), 
	TEMPS NUMERIC(2,0), 
	NBVARIANTES NUMERIC(1,0), 
	NBPOINTS NUMERIC(4,2)
   ) ;
--------------------------------------------------------
--  DDL for Table THEME
--------------------------------------------------------

  CREATE TABLE THEME 
   (	IDT NUMERIC(5,0), 
	LIBELLE VARCHAR(50), 
	IDTPERE NUMERIC(5,0)
   ) ;
--------------------------------------------------------
--  DDL for Table THEMQUEST
--------------------------------------------------------

  CREATE TABLE THEMQUEST 
   (	IDQ NUMERIC(3,0), 
	IDT NUMERIC(5,0)
   ) ;
--------------------------------------------------------
--  DDL for Table ETUDIANT
--------------------------------------------------------
  CREATE TABLE ETUDIANT
  (
     NumEt NUMERIC(4, 0), 
     NOM VARCHAR(20), 
     PRENOM VARCHAR(20), 
     GROUPE NUMERIC(1,0), 
     TypeBac VARCHAR(5)
);

---------------------------------------------------
--   DATA FOR TABLE ETUDIANT
--   FILTER = none used
---------------------------------------------------
INSERT INTO ETUDIANT VALUES(1101,'BOUROUFFALA','VINCENT', 1,'S');
INSERT INTO ETUDIANT VALUES(1102,'BRALY','COLIN', 1,'S');
INSERT INTO ETUDIANT VALUES(1103,'CARON','HUGO', 1,'STI');
INSERT INTO ETUDIANT VALUES(1104,'CHEVALIER','MIKAEL', 1,'S');
INSERT INTO ETUDIANT VALUES(1105,'DADI','DAVID', 1,'S');
INSERT INTO ETUDIANT VALUES(1106,'DAUMAS','MARC', 1,'S');
INSERT INTO ETUDIANT VALUES(1107,'DOSSETTO','CYRIL', 1,'S');
INSERT INTO ETUDIANT VALUES(1108,'DOUDEMENT','FLORIAN', 1,'S');
INSERT INTO ETUDIANT VALUES(1109,'ESPAGNE','ARNAUD', 1,'S');
INSERT INTO ETUDIANT VALUES(1110,'FONTANA','MARC', 1,'STI');
INSERT INTO ETUDIANT VALUES(1111,'FOURMIGUE','MATHIEU', 1,'S');
INSERT INTO ETUDIANT VALUES(1201,'AFRIAT','ROMAIN', 2,'S');
INSERT INTO ETUDIANT VALUES(1202,'ALFOSEA','JEAN FABIEN', 2,'S');
INSERT INTO ETUDIANT VALUES(1203,'BARRIEU','BAPTISTE', 2,NULL);
INSERT INTO ETUDIANT VALUES(1204,'BERGE','JULIEN', 2,'S');
INSERT INTO ETUDIANT VALUES(1205,'BOURGUES','REMI', 2,'S');
INSERT INTO ETUDIANT VALUES(1206,'BRUGGER','LAURENT', 2,'S');
INSERT INTO ETUDIANT VALUES(1207,'CHAMANADJIAN','QUENTIN', 2,'S');
INSERT INTO ETUDIANT VALUES(1208,'CHIABERTO','MELANIE', 2,'S');
INSERT INTO ETUDIANT VALUES(1301,'ALDEBERT','KEVIN', 3,NULL);
INSERT INTO ETUDIANT VALUES(1302,'APARICIO','RUDY', 3,'S');
INSERT INTO ETUDIANT VALUES(1303,'BECHE','FLAVIEN', 3,'PRO');
INSERT INTO ETUDIANT VALUES(1313,'GHARIB','NABILA', 3,'ETR');
INSERT INTO ETUDIANT VALUES(1312,'GAMBI','XAVIER', 3,'STI');
INSERT INTO ETUDIANT VALUES(1314,'MARTIN','JEAN', 3,'ES');
INSERT INTO ETUDIANT VALUES(1315,'VINCENT','JEAN', 3,'ES');
INSERT INTO ETUDIANT VALUES(1401,'ANORSON','FRANKLIN', 4,'S');
INSERT INTO ETUDIANT VALUES(1403,'AUGER','MATTHIEU', 4,'S');
INSERT INTO ETUDIANT VALUES(1404,'BORGHESI','MIKAEL', 4,'S');
INSERT INTO ETUDIANT VALUES(1406,'CASTET','NICOLAS', 4,'S');
INSERT INTO ETUDIANT VALUES(1407,'CHAL BLANC','JONATHAN', 4,'S');
INSERT INTO ETUDIANT VALUES(1409,'DAFFARA','ADRIEN', 4,'STI');
INSERT INTO ETUDIANT VALUES(1410,'DUMAS','BENOIT', 4,'S');
INSERT INTO ETUDIANT VALUES(1411,'FATHI','HICHAM', 4,'S');
INSERT INTO ETUDIANT VALUES(1412,'HOCKLEY','CHRISTOPHER', 4,'S');
INSERT INTO ETUDIANT VALUES(1422,'ROBERT','SEBASTIEN', 4,'S');
INSERT INTO ETUDIANT VALUES(1423,'RUD','MATHIEU', 4,'STI');
INSERT INTO ETUDIANT VALUES(1501,'AYDIN','HUSEYIN ', 5,'S');
INSERT INTO ETUDIANT VALUES(1502,'BARLO','ROMAIN ', 5,'S');
INSERT INTO ETUDIANT VALUES(1503,'BEAUTE','IVAN ', 5,'S');
INSERT INTO ETUDIANT VALUES(1508,'ESNAULT','ERIK ', 5,'ES');
INSERT INTO ETUDIANT VALUES(1509,'FENOUIL','MELANIE ', 5,'S');
INSERT INTO ETUDIANT VALUES(1516,'GRIOZEL','THOMAS', 5,'S');
INSERT INTO ETUDIANT VALUES(1517,'GRISVARD','MATHIEU ', 5,'S');
INSERT INTO ETUDIANT VALUES(1518,'IMMELE-SPATARO','JULIEN ', 5,'S');
INSERT INTO ETUDIANT VALUES(1519,'DUJARDIN','MARIE', 5,'S');
INSERT INTO ETUDIANT VALUES(1520,'DUMONT','JULIEN ', 5,'S');

---------------------------------------------------
--   END DATA FOR TABLE ETUDIANT
---------------------------------------------------

---------------------------------------------------
--   DATA FOR TABLE THEME
--   FILTER = none used
---------------------------------------------------
Insert into THEME (IDT,LIBELLE,IDTPERE) values (1,'SQL LMD',null);
Insert into THEME (IDT,LIBELLE,IDTPERE) values (2,'SQL LDD',null);
Insert into THEME (IDT,LIBELLE,IDTPERE) values (3,'SQL LCD',null);
Insert into THEME (IDT,LIBELLE,IDTPERE) values (4,'LANGAGE DE REQUETES',1);
Insert into THEME (IDT,LIBELLE,IDTPERE) values (5,'OPERATION DE MISE A JOUR',1);
Insert into THEME (IDT,LIBELLE,IDTPERE) values (6,'CREATION DE RELATION',2);
Insert into THEME (IDT,LIBELLE,IDTPERE) values (7,'MODIFICATION DE STRUCTURE',2);
Insert into THEME (IDT,LIBELLE,IDTPERE) values (8,'AJOUT D''ATTRIBUTS',7);
Insert into THEME (IDT,LIBELLE,IDTPERE) values (9,'AJOUT DE CONTRAINTES',7);
Insert into THEME (IDT,LIBELLE,IDTPERE) values (10,'PROJECTION',4);
Insert into THEME (IDT,LIBELLE,IDTPERE) values (11,'SELECTION',4);
Insert into THEME (IDT,LIBELLE,IDTPERE) values (12,'JOINTURE',4);
Insert into THEME (IDT,LIBELLE,IDTPERE) values (13,'FONCTION AGREGATIVE OU STATISTIQUE',4);
Insert into THEME (IDT,LIBELLE,IDTPERE) values (14,'CALCULS HORIZONTAUX',4);
Insert into THEME (IDT,LIBELLE,IDTPERE) values (15,'PARTITIONNEMENT',4);
Insert into THEME (IDT,LIBELLE,IDTPERE) values (16,'RECHERCHE ARBORESCENTE',4);
Insert into THEME (IDT,LIBELLE,IDTPERE) values (17,'DIVISION',4);
Insert into THEME (IDT,LIBELLE,IDTPERE) values (100,'PROJECTION SANS DUPLICAT',10);
Insert into THEME (IDT,LIBELLE,IDTPERE) values (101,'SELECTION SIMPLE',11);
Insert into THEME (IDT,LIBELLE,IDTPERE) values (102,'SELECTION AVEC PREDICAT',11);
Insert into THEME (IDT,LIBELLE,IDTPERE) values (103,'SELECTION COMPOSEE',11);
Insert into THEME (IDT,LIBELLE,IDTPERE) values (104,'AVEC CLAUSE HAVING',15);
Insert into THEME (IDT,LIBELLE,IDTPERE) values (105,'AVEC GROUP BY ET COMPTAGE',17);
Insert into THEME (IDT,LIBELLE,IDTPERE) values (106,'AVEC DOUBLE NOT EXISTS',17);
Insert into THEME (IDT,LIBELLE,IDTPERE) values (120,'PREDICAT LIKE',102);
Insert into THEME (IDT,LIBELLE,IDTPERE) values (121,'PREDICAT IN',102);
Insert into THEME (IDT,LIBELLE,IDTPERE) values (123,'PREDICAT BETWEEN',102);
Insert into THEME (IDT,LIBELLE,IDTPERE) values (124,'PREDICAT IS NULL',102);
Insert into THEME (IDT,LIBELLE,IDTPERE) values (125,'JOINTURE PREDICATIVE',12);
Insert into THEME (IDT,LIBELLE,IDTPERE) values (126,'JOINTURE IMBRIQUEE',12);
Insert into THEME (IDT,LIBELLE,IDTPERE) values (127,'JOINTURE EXTERNE',12);
Insert into THEME (IDT,LIBELLE,IDTPERE) values (128,'JOINTURE ET SELECTION  EXTERNES',12);
Insert into THEME (IDT,LIBELLE,IDTPERE) values (500,'AUTO-JOINTURE PREDICATIVE',125);
Insert into THEME (IDT,LIBELLE,IDTPERE) values (501,'SOUS-REQUETE RENDANT UN RESULTAT',126);
Insert into THEME (IDT,LIBELLE,IDTPERE) values (502,'SOUS-REQUETE RENDANT PLUSIEURS RESULTATS',126);
Insert into THEME (IDT,LIBELLE,IDTPERE) values (600,'COMPARAISON AVEC UN DES RESULTATS',502);
Insert into THEME (IDT,LIBELLE,IDTPERE) values (601,'COMPARAISON AVEC TOUS RESULTATS',502);

---------------------------------------------------
--   END DATA FOR TABLE THEME
---------------------------------------------------

---------------------------------------------------
--   DATA FOR TABLE QUESTION
--   FILTER = none used
---------------------------------------------------
Insert into QUESTION (IDQ,NUMTP,NIVEAU,TEMPS,NBVARIANTES,NBPOINTS) values (1,1,'FACILE',5,1,0.25);
Insert into QUESTION (IDQ,NUMTP,NIVEAU,TEMPS,NBVARIANTES,NBPOINTS) values (2,1,'FACILE',5,1,0.25);
Insert into QUESTION (IDQ,NUMTP,NIVEAU,TEMPS,NBVARIANTES,NBPOINTS) values (3,1,'FACILE',5,1,0.25);
Insert into QUESTION (IDQ,NUMTP,NIVEAU,TEMPS,NBVARIANTES,NBPOINTS) values (4,1,'FACILE',5,1,0.25);
Insert into QUESTION (IDQ,NUMTP,NIVEAU,TEMPS,NBVARIANTES,NBPOINTS) values (5,1,'FACILE',5,1,0.25);
Insert into QUESTION (IDQ,NUMTP,NIVEAU,TEMPS,NBVARIANTES,NBPOINTS) values (6,1,'FACILE',5,2,0.5);
Insert into QUESTION (IDQ,NUMTP,NIVEAU,TEMPS,NBVARIANTES,NBPOINTS) values (7,1,'FACILE',5,1,0.25);
Insert into QUESTION (IDQ,NUMTP,NIVEAU,TEMPS,NBVARIANTES,NBPOINTS) values (8,1,'FACILE',5,2,0.25);
Insert into QUESTION (IDQ,NUMTP,NIVEAU,TEMPS,NBVARIANTES,NBPOINTS) values (18,1,'NORMAL',10,2,1);
Insert into QUESTION (IDQ,NUMTP,NIVEAU,TEMPS,NBVARIANTES,NBPOINTS) values (19,1,'NORMAL',15,3,1.5);
Insert into QUESTION (IDQ,NUMTP,NIVEAU,TEMPS,NBVARIANTES,NBPOINTS) values (20,1,'DIFFICILE',15,1,2);
Insert into QUESTION (IDQ,NUMTP,NIVEAU,TEMPS,NBVARIANTES,NBPOINTS) values (21,1,'DIFFICILE',15,2,2.5);
Insert into QUESTION (IDQ,NUMTP,NIVEAU,TEMPS,NBVARIANTES,NBPOINTS) values (30,2,'NORMAL',5,1,1);
Insert into QUESTION (IDQ,NUMTP,NIVEAU,TEMPS,NBVARIANTES,NBPOINTS) values (31,2,'NORMAL',5,1,1);
Insert into QUESTION (IDQ,NUMTP,NIVEAU,TEMPS,NBVARIANTES,NBPOINTS) values (32,2,'DIFFICILE',10,2,2);
Insert into QUESTION (IDQ,NUMTP,NIVEAU,TEMPS,NBVARIANTES,NBPOINTS) values (33,2,'DIFFICILE',15,3,2.5);
Insert into QUESTION (IDQ,NUMTP,NIVEAU,TEMPS,NBVARIANTES,NBPOINTS) values (34,2,'NORMAL',5,1,0.75);
Insert into QUESTION (IDQ,NUMTP,NIVEAU,TEMPS,NBVARIANTES,NBPOINTS) values (35,2,'NORMAL',5,2,1.5);
Insert into QUESTION (IDQ,NUMTP,NIVEAU,TEMPS,NBVARIANTES,NBPOINTS) values (36,2,'DIFFICILE',15,2,2.5);
Insert into QUESTION (IDQ,NUMTP,NIVEAU,TEMPS,NBVARIANTES,NBPOINTS) values (37,2,'COMPLEXE',15,1,2.25);
Insert into QUESTION (IDQ,NUMTP,NIVEAU,TEMPS,NBVARIANTES,NBPOINTS) values (38,2,'FACILE',10,1,2);
Insert into QUESTION (IDQ,NUMTP,NIVEAU,TEMPS,NBVARIANTES,NBPOINTS) values (50,3,'NORMAL',5,1,1);
Insert into QUESTION (IDQ,NUMTP,NIVEAU,TEMPS,NBVARIANTES,NBPOINTS) values (51,3,'NORMAL',5,1,1);
Insert into QUESTION (IDQ,NUMTP,NIVEAU,TEMPS,NBVARIANTES,NBPOINTS) values (52,3,'NORMAL',5,1,1);
Insert into QUESTION (IDQ,NUMTP,NIVEAU,TEMPS,NBVARIANTES,NBPOINTS) values (53,3,'DIFFICILE',10,1,2);
Insert into QUESTION (IDQ,NUMTP,NIVEAU,TEMPS,NBVARIANTES,NBPOINTS) values (54,3,'DIFFICILE',10,1,2);
Insert into QUESTION (IDQ,NUMTP,NIVEAU,TEMPS,NBVARIANTES,NBPOINTS) values (55,3,'COMPLEXE',15,1,3);
Insert into QUESTION (IDQ,NUMTP,NIVEAU,TEMPS,NBVARIANTES,NBPOINTS) values (56,3,'COMPLEXE',10,1,2);
Insert into QUESTION (IDQ,NUMTP,NIVEAU,TEMPS,NBVARIANTES,NBPOINTS) values (70,4,'DIFFICILE',10,1,2);
Insert into QUESTION (IDQ,NUMTP,NIVEAU,TEMPS,NBVARIANTES,NBPOINTS) values (71,4,'DIFFICILE',10,1,2);
Insert into QUESTION (IDQ,NUMTP,NIVEAU,TEMPS,NBVARIANTES,NBPOINTS) values (72,4,'DIFFICILE',10,1,2);
Insert into QUESTION (IDQ,NUMTP,NIVEAU,TEMPS,NBVARIANTES,NBPOINTS) values (73,4,'COMPLEXE',10,1,2);
Insert into QUESTION (IDQ,NUMTP,NIVEAU,TEMPS,NBVARIANTES,NBPOINTS) values (74,4,'COMPLEXE',15,null,3);
Insert into QUESTION (IDQ,NUMTP,NIVEAU,TEMPS,NBVARIANTES,NBPOINTS) values (75,4,'COMPLEXE',10,null,null);
Insert into QUESTION (IDQ,NUMTP,NIVEAU,TEMPS,NBVARIANTES,NBPOINTS) values (76,4,'COMPLEXE',10,null,3);

---------------------------------------------------
--   END DATA FOR TABLE QUESTION
---------------------------------------------------

---------------------------------------------------
--   DATA FOR TABLE EVALUATION
--   FILTER = none used
---------------------------------------------------
Insert into EVALUATION (IDQ,NUMET,RESULTAT,TEMPS,NBVARIANTES,NBPOINTS) values (1,1101,'JUSTE',5,1,0.25);
Insert into EVALUATION (IDQ,NUMET,RESULTAT,TEMPS,NBVARIANTES,NBPOINTS) values (2,1101,'JUSTE',5,1,0.25);
Insert into EVALUATION (IDQ,NUMET,RESULTAT,TEMPS,NBVARIANTES,NBPOINTS) values (3,1101,'JUSTE',5,1,0.25);
Insert into EVALUATION (IDQ,NUMET,RESULTAT,TEMPS,NBVARIANTES,NBPOINTS) values (4,1101,'JUSTE',5,1,0.25);
Insert into EVALUATION (IDQ,NUMET,RESULTAT,TEMPS,NBVARIANTES,NBPOINTS) values (5,1101,'JUSTE',5,1,0.25);
Insert into EVALUATION (IDQ,NUMET,RESULTAT,TEMPS,NBVARIANTES,NBPOINTS) values (6,1101,'JUSTE',5,2,0.5);
Insert into EVALUATION (IDQ,NUMET,RESULTAT,TEMPS,NBVARIANTES,NBPOINTS) values (7,1101,'JUSTE',5,1,0.25);
Insert into EVALUATION (IDQ,NUMET,RESULTAT,TEMPS,NBVARIANTES,NBPOINTS) values (8,1101,'JUSTE',5,2,0.25);
Insert into EVALUATION (IDQ,NUMET,RESULTAT,TEMPS,NBVARIANTES,NBPOINTS) values (18,1101,'JUSTE',10,2,1);
Insert into EVALUATION (IDQ,NUMET,RESULTAT,TEMPS,NBVARIANTES,NBPOINTS) values (19,1101,'JUSTE',15,3,1.5);
Insert into EVALUATION (IDQ,NUMET,RESULTAT,TEMPS,NBVARIANTES,NBPOINTS) values (20,1101,'JUSTE',15,1,2);
Insert into EVALUATION (IDQ,NUMET,RESULTAT,TEMPS,NBVARIANTES,NBPOINTS) values (21,1101,'JUSTE',15,2,2.5);
Insert into EVALUATION (IDQ,NUMET,RESULTAT,TEMPS,NBVARIANTES,NBPOINTS) values (30,1101,'JUSTE',5,1,1);
Insert into EVALUATION (IDQ,NUMET,RESULTAT,TEMPS,NBVARIANTES,NBPOINTS) values (31,1101,'JUSTE',5,1,1);
Insert into EVALUATION (IDQ,NUMET,RESULTAT,TEMPS,NBVARIANTES,NBPOINTS) values (32,1101,'INCOMPLET',10,2,2);
Insert into EVALUATION (IDQ,NUMET,RESULTAT,TEMPS,NBVARIANTES,NBPOINTS) values (33,1101,'FAUX',15,1,0.5);
Insert into EVALUATION (IDQ,NUMET,RESULTAT,TEMPS,NBVARIANTES,NBPOINTS) values (34,1101,'JUSTE',5,1,0.75);
Insert into EVALUATION (IDQ,NUMET,RESULTAT,TEMPS,NBVARIANTES,NBPOINTS) values (35,1101,'FAUX',5,2,0);
Insert into EVALUATION (IDQ,NUMET,RESULTAT,TEMPS,NBVARIANTES,NBPOINTS) values (36,1101,'JUSTE',20,2,2.5);
Insert into EVALUATION (IDQ,NUMET,RESULTAT,TEMPS,NBVARIANTES,NBPOINTS) values (37,1101,'INCOMPLET',15,1,1.5);
Insert into EVALUATION (IDQ,NUMET,RESULTAT,TEMPS,NBVARIANTES,NBPOINTS) values (50,1101,'JUSTE',5,1,1);
Insert into EVALUATION (IDQ,NUMET,RESULTAT,TEMPS,NBVARIANTES,NBPOINTS) values (51,1101,'JUSTE',5,1,1);
Insert into EVALUATION (IDQ,NUMET,RESULTAT,TEMPS,NBVARIANTES,NBPOINTS) values (52,1101,'JUSTE',5,1,1);
Insert into EVALUATION (IDQ,NUMET,RESULTAT,TEMPS,NBVARIANTES,NBPOINTS) values (53,1101,'JUSTE',10,1,2);
Insert into EVALUATION (IDQ,NUMET,RESULTAT,TEMPS,NBVARIANTES,NBPOINTS) values (54,1101,'INCOMPLET',10,1,1);
Insert into EVALUATION (IDQ,NUMET,RESULTAT,TEMPS,NBVARIANTES,NBPOINTS) values (55,1101,'JUSTE',15,1,3);
Insert into EVALUATION (IDQ,NUMET,RESULTAT,TEMPS,NBVARIANTES,NBPOINTS) values (56,1101,'FAUX',15,1,0);
Insert into EVALUATION (IDQ,NUMET,RESULTAT,TEMPS,NBVARIANTES,NBPOINTS) values (70,1101,'JUSTE',10,1,2);
Insert into EVALUATION (IDQ,NUMET,RESULTAT,TEMPS,NBVARIANTES,NBPOINTS) values (71,1101,'JUSTE',15,1,2);
Insert into EVALUATION (IDQ,NUMET,RESULTAT,TEMPS,NBVARIANTES,NBPOINTS) values (72,1101,'JUSTE',10,1,2);
Insert into EVALUATION (IDQ,NUMET,RESULTAT,TEMPS,NBVARIANTES,NBPOINTS) values (73,1101,'INCOMPLET',10,1,1);
Insert into EVALUATION (IDQ,NUMET,RESULTAT,TEMPS,NBVARIANTES,NBPOINTS) values (74,1101,'JUSTE',15,1,3);
Insert into EVALUATION (IDQ,NUMET,RESULTAT,TEMPS,NBVARIANTES,NBPOINTS) values (75,1101,'FAUX',10,1,0);
Insert into EVALUATION (IDQ,NUMET,RESULTAT,TEMPS,NBVARIANTES,NBPOINTS) values (76,1101,'FAUX',10,1,0);
Insert into EVALUATION (IDQ,NUMET,RESULTAT,TEMPS,NBVARIANTES,NBPOINTS) values (37,1519,'FAUX',15,1,0);
Insert into EVALUATION (IDQ,NUMET,RESULTAT,TEMPS,NBVARIANTES,NBPOINTS) values (1,1519,'JUSTE',5,1,0.25);
Insert into EVALUATION (IDQ,NUMET,RESULTAT,TEMPS,NBVARIANTES,NBPOINTS) values (2,1519,'JUSTE',15,1,0.25);
Insert into EVALUATION (IDQ,NUMET,RESULTAT,TEMPS,NBVARIANTES,NBPOINTS) values (3,1519,'JUSTE',5,1,0.25);
Insert into EVALUATION (IDQ,NUMET,RESULTAT,TEMPS,NBVARIANTES,NBPOINTS) values (4,1519,'JUSTE',5,1,0.25);
Insert into EVALUATION (IDQ,NUMET,RESULTAT,TEMPS,NBVARIANTES,NBPOINTS) values (5,1519,'FAUX',5,1,0.25);
Insert into EVALUATION (IDQ,NUMET,RESULTAT,TEMPS,NBVARIANTES,NBPOINTS) values (30,1519,'JUSTE',5,1,1);
Insert into EVALUATION (IDQ,NUMET,RESULTAT,TEMPS,NBVARIANTES,NBPOINTS) values (31,1519,'JUSTE',5,1,1);
Insert into EVALUATION (IDQ,NUMET,RESULTAT,TEMPS,NBVARIANTES,NBPOINTS) values (32,1519,'JUSTE',15,2,2);
Insert into EVALUATION (IDQ,NUMET,RESULTAT,TEMPS,NBVARIANTES,NBPOINTS) values (33,1519,'JUSTE',15,3,2.5);
Insert into EVALUATION (IDQ,NUMET,RESULTAT,TEMPS,NBVARIANTES,NBPOINTS) values (37,1520,'FAUX',15,1,0);
Insert into EVALUATION (IDQ,NUMET,RESULTAT,TEMPS,NBVARIANTES,NBPOINTS) values (50,1520,'FAUX',5,1,0);
Insert into EVALUATION (IDQ,NUMET,RESULTAT,TEMPS,NBVARIANTES,NBPOINTS) values (1,1520,'JUSTE',5,1,0.25);
Insert into EVALUATION (IDQ,NUMET,RESULTAT,TEMPS,NBVARIANTES,NBPOINTS) values (2,1520,'JUSTE',5,1,0.25);
Insert into EVALUATION (IDQ,NUMET,RESULTAT,TEMPS,NBVARIANTES,NBPOINTS) values (37,1401,'FAUX',15,1,0);
Insert into EVALUATION (IDQ,NUMET,RESULTAT,TEMPS,NBVARIANTES,NBPOINTS) values (1,1401,'JUSTE',5,1,0.25);
Insert into EVALUATION (IDQ,NUMET,RESULTAT,TEMPS,NBVARIANTES,NBPOINTS) values (2,1401,'JUSTE',15,1,0.25);
Insert into EVALUATION (IDQ,NUMET,RESULTAT,TEMPS,NBVARIANTES,NBPOINTS) values (3,1401,'JUSTE',5,1,0.25);
Insert into EVALUATION (IDQ,NUMET,RESULTAT,TEMPS,NBVARIANTES,NBPOINTS) values (4,1401,'JUSTE',5,1,0.25);
Insert into EVALUATION (IDQ,NUMET,RESULTAT,TEMPS,NBVARIANTES,NBPOINTS) values (5,1401,'JUSTE',5,1,0.25);
Insert into EVALUATION (IDQ,NUMET,RESULTAT,TEMPS,NBVARIANTES,NBPOINTS) values (30,1401,'JUSTE',5,1,1);
Insert into EVALUATION (IDQ,NUMET,RESULTAT,TEMPS,NBVARIANTES,NBPOINTS) values (31,1401,'JUSTE',5,1,1);
Insert into EVALUATION (IDQ,NUMET,RESULTAT,TEMPS,NBVARIANTES,NBPOINTS) values (32,1401,'JUSTE',15,2,2);
Insert into EVALUATION (IDQ,NUMET,RESULTAT,TEMPS,NBVARIANTES,NBPOINTS) values (33,1401,'JUSTE',15,3,2.5);
Insert into EVALUATION (IDQ,NUMET,RESULTAT,TEMPS,NBVARIANTES,NBPOINTS) values (1,1403,'JUSTE',5,1,0.25);
Insert into EVALUATION (IDQ,NUMET,RESULTAT,TEMPS,NBVARIANTES,NBPOINTS) values (2,1403,'JUSTE',15,1,0.25);
Insert into EVALUATION (IDQ,NUMET,RESULTAT,TEMPS,NBVARIANTES,NBPOINTS) values (3,1403,'JUSTE',5,1,0.25);
Insert into EVALUATION (IDQ,NUMET,RESULTAT,TEMPS,NBVARIANTES,NBPOINTS) values (4,1403,'JUSTE',5,1,0.25);
Insert into EVALUATION (IDQ,NUMET,RESULTAT,TEMPS,NBVARIANTES,NBPOINTS) values (5,1403,'JUSTE',5,1,0.25);
Insert into EVALUATION (IDQ,NUMET,RESULTAT,TEMPS,NBVARIANTES,NBPOINTS) values (30,1403,'JUSTE',5,1,1);
Insert into EVALUATION (IDQ,NUMET,RESULTAT,TEMPS,NBVARIANTES,NBPOINTS) values (31,1403,'JUSTE',5,1,1);
Insert into EVALUATION (IDQ,NUMET,RESULTAT,TEMPS,NBVARIANTES,NBPOINTS) values (32,1403,'JUSTE',15,2,2);
Insert into EVALUATION (IDQ,NUMET,RESULTAT,TEMPS,NBVARIANTES,NBPOINTS) values (33,1403,'JUSTE',15,3,2.5);
Insert into EVALUATION (IDQ,NUMET,RESULTAT,TEMPS,NBVARIANTES,NBPOINTS) values (30,1301,'JUSTE',5,1,1);
Insert into EVALUATION (IDQ,NUMET,RESULTAT,TEMPS,NBVARIANTES,NBPOINTS) values (31,1301,'JUSTE',5,1,1);
Insert into EVALUATION (IDQ,NUMET,RESULTAT,TEMPS,NBVARIANTES,NBPOINTS) values (32,1301,'JUSTE',10,2,2);
Insert into EVALUATION (IDQ,NUMET,RESULTAT,TEMPS,NBVARIANTES,NBPOINTS) values (33,1301,'JUSTE',15,1,2.5);
Insert into EVALUATION (IDQ,NUMET,RESULTAT,TEMPS,NBVARIANTES,NBPOINTS) values (34,1301,'JUSTE',5,1,0.75);
Insert into EVALUATION (IDQ,NUMET,RESULTAT,TEMPS,NBVARIANTES,NBPOINTS) values (35,1301,'JUSTE',5,2,1.5);
Insert into EVALUATION (IDQ,NUMET,RESULTAT,TEMPS,NBVARIANTES,NBPOINTS) values (36,1301,'JUSTE',20,2,2.5);
Insert into EVALUATION (IDQ,NUMET,RESULTAT,TEMPS,NBVARIANTES,NBPOINTS) values (37,1301,'INCOMPLET',15,1,1.5);
Insert into EVALUATION (IDQ,NUMET,RESULTAT,TEMPS,NBVARIANTES,NBPOINTS) values (30,1302,'JUSTE',5,1,1);
Insert into EVALUATION (IDQ,NUMET,RESULTAT,TEMPS,NBVARIANTES,NBPOINTS) values (31,1302,'JUSTE',5,1,1);
Insert into EVALUATION (IDQ,NUMET,RESULTAT,TEMPS,NBVARIANTES,NBPOINTS) values (32,1302,'JUSTE',10,2,2);
Insert into EVALUATION (IDQ,NUMET,RESULTAT,TEMPS,NBVARIANTES,NBPOINTS) values (33,1302,'JUSTE',15,1,2.5);
Insert into EVALUATION (IDQ,NUMET,RESULTAT,TEMPS,NBVARIANTES,NBPOINTS) values (34,1302,'JUSTE',5,1,0.75);
Insert into EVALUATION (IDQ,NUMET,RESULTAT,TEMPS,NBVARIANTES,NBPOINTS) values (35,1302,'JUSTE',5,2,1.5);
Insert into EVALUATION (IDQ,NUMET,RESULTAT,TEMPS,NBVARIANTES,NBPOINTS) values (36,1302,'JUSTE',20,2,2.5);
Insert into EVALUATION (IDQ,NUMET,RESULTAT,TEMPS,NBVARIANTES,NBPOINTS) values (37,1302,'INCOMPLET',15,1,1.5);
Insert into EVALUATION (IDQ,NUMET,RESULTAT,TEMPS,NBVARIANTES,NBPOINTS) values (30,1303,'JUSTE',5,1,1);
Insert into EVALUATION (IDQ,NUMET,RESULTAT,TEMPS,NBVARIANTES,NBPOINTS) values (31,1303,'JUSTE',5,1,1);
Insert into EVALUATION (IDQ,NUMET,RESULTAT,TEMPS,NBVARIANTES,NBPOINTS) values (32,1303,'JUSTE',10,2,2);
Insert into EVALUATION (IDQ,NUMET,RESULTAT,TEMPS,NBVARIANTES,NBPOINTS) values (33,1303,'JUSTE',15,1,2.5);
Insert into EVALUATION (IDQ,NUMET,RESULTAT,TEMPS,NBVARIANTES,NBPOINTS) values (34,1303,'JUSTE',5,1,0.75);
Insert into EVALUATION (IDQ,NUMET,RESULTAT,TEMPS,NBVARIANTES,NBPOINTS) values (35,1303,'JUSTE',5,2,1.5);
Insert into EVALUATION (IDQ,NUMET,RESULTAT,TEMPS,NBVARIANTES,NBPOINTS) values (36,1303,'JUSTE',20,2,2.5);
Insert into EVALUATION (IDQ,NUMET,RESULTAT,TEMPS,NBVARIANTES,NBPOINTS) values (37,1303,'INCOMPLET',15,1,1.5);
Insert into EVALUATION (IDQ,NUMET,RESULTAT,TEMPS,NBVARIANTES,NBPOINTS) values (30,1313,'JUSTE',5,1,1);
Insert into EVALUATION (IDQ,NUMET,RESULTAT,TEMPS,NBVARIANTES,NBPOINTS) values (31,1313,'JUSTE',5,1,1);
Insert into EVALUATION (IDQ,NUMET,RESULTAT,TEMPS,NBVARIANTES,NBPOINTS) values (32,1313,'JUSTE',10,2,2);
Insert into EVALUATION (IDQ,NUMET,RESULTAT,TEMPS,NBVARIANTES,NBPOINTS) values (33,1313,'JUSTE',15,1,2.5);
Insert into EVALUATION (IDQ,NUMET,RESULTAT,TEMPS,NBVARIANTES,NBPOINTS) values (34,1313,'JUSTE',5,1,0.75);
Insert into EVALUATION (IDQ,NUMET,RESULTAT,TEMPS,NBVARIANTES,NBPOINTS) values (35,1313,'JUSTE',5,2,1.5);
Insert into EVALUATION (IDQ,NUMET,RESULTAT,TEMPS,NBVARIANTES,NBPOINTS) values (36,1313,'JUSTE',20,2,2.5);
Insert into EVALUATION (IDQ,NUMET,RESULTAT,TEMPS,NBVARIANTES,NBPOINTS) values (37,1313,'INCOMPLET',15,1,1.5);
Insert into EVALUATION (IDQ,NUMET,RESULTAT,TEMPS,NBVARIANTES,NBPOINTS) values (1,1301,'JUSTE',5,1,0.25);
Insert into EVALUATION (IDQ,NUMET,RESULTAT,TEMPS,NBVARIANTES,NBPOINTS) values (2,1301,'JUSTE',5,1,0.25);
Insert into EVALUATION (IDQ,NUMET,RESULTAT,TEMPS,NBVARIANTES,NBPOINTS) values (3,1301,'JUSTE',5,1,0.25);
Insert into EVALUATION (IDQ,NUMET,RESULTAT,TEMPS,NBVARIANTES,NBPOINTS) values (4,1301,'JUSTE',5,1,0.25);
Insert into EVALUATION (IDQ,NUMET,RESULTAT,TEMPS,NBVARIANTES,NBPOINTS) values (5,1301,'JUSTE',5,1,0.25);
Insert into EVALUATION (IDQ,NUMET,RESULTAT,TEMPS,NBVARIANTES,NBPOINTS) values (6,1301,'JUSTE',5,2,0.5);
Insert into EVALUATION (IDQ,NUMET,RESULTAT,TEMPS,NBVARIANTES,NBPOINTS) values (7,1301,'JUSTE',5,1,0.25);
Insert into EVALUATION (IDQ,NUMET,RESULTAT,TEMPS,NBVARIANTES,NBPOINTS) values (8,1301,'JUSTE',5,2,0.25);
Insert into EVALUATION (IDQ,NUMET,RESULTAT,TEMPS,NBVARIANTES,NBPOINTS) values (18,1301,'JUSTE',10,2,1);
Insert into EVALUATION (IDQ,NUMET,RESULTAT,TEMPS,NBVARIANTES,NBPOINTS) values (19,1301,'JUSTE',15,3,1.5);
Insert into EVALUATION (IDQ,NUMET,RESULTAT,TEMPS,NBVARIANTES,NBPOINTS) values (20,1301,'JUSTE',15,1,2);
Insert into EVALUATION (IDQ,NUMET,RESULTAT,TEMPS,NBVARIANTES,NBPOINTS) values (21,1301,'JUSTE',15,2,2.5);
Insert into EVALUATION (IDQ,NUMET,RESULTAT,TEMPS,NBVARIANTES,NBPOINTS) values (1,1302,'JUSTE',5,1,0.25);
Insert into EVALUATION (IDQ,NUMET,RESULTAT,TEMPS,NBVARIANTES,NBPOINTS) values (2,1302,'JUSTE',5,1,0.25);
Insert into EVALUATION (IDQ,NUMET,RESULTAT,TEMPS,NBVARIANTES,NBPOINTS) values (3,1302,'JUSTE',5,1,0.25);
Insert into EVALUATION (IDQ,NUMET,RESULTAT,TEMPS,NBVARIANTES,NBPOINTS) values (4,1302,'JUSTE',5,1,0.25);
Insert into EVALUATION (IDQ,NUMET,RESULTAT,TEMPS,NBVARIANTES,NBPOINTS) values (5,1302,'JUSTE',5,1,0.25);
Insert into EVALUATION (IDQ,NUMET,RESULTAT,TEMPS,NBVARIANTES,NBPOINTS) values (6,1302,'JUSTE',5,2,0.5);
Insert into EVALUATION (IDQ,NUMET,RESULTAT,TEMPS,NBVARIANTES,NBPOINTS) values (7,1302,'JUSTE',5,1,0.25);
Insert into EVALUATION (IDQ,NUMET,RESULTAT,TEMPS,NBVARIANTES,NBPOINTS) values (8,1302,'JUSTE',5,2,0.25);
Insert into EVALUATION (IDQ,NUMET,RESULTAT,TEMPS,NBVARIANTES,NBPOINTS) values (18,1302,'JUSTE',10,2,1);
Insert into EVALUATION (IDQ,NUMET,RESULTAT,TEMPS,NBVARIANTES,NBPOINTS) values (19,1302,'JUSTE',15,3,1.5);
Insert into EVALUATION (IDQ,NUMET,RESULTAT,TEMPS,NBVARIANTES,NBPOINTS) values (20,1302,'JUSTE',15,1,2);
Insert into EVALUATION (IDQ,NUMET,RESULTAT,TEMPS,NBVARIANTES,NBPOINTS) values (21,1302,'JUSTE',15,2,2.5);
Insert into EVALUATION (IDQ,NUMET,RESULTAT,TEMPS,NBVARIANTES,NBPOINTS) values (1,1303,'JUSTE',5,1,0.25);
Insert into EVALUATION (IDQ,NUMET,RESULTAT,TEMPS,NBVARIANTES,NBPOINTS) values (2,1303,'JUSTE',5,1,0.25);
Insert into EVALUATION (IDQ,NUMET,RESULTAT,TEMPS,NBVARIANTES,NBPOINTS) values (3,1303,'JUSTE',5,1,0.25);
Insert into EVALUATION (IDQ,NUMET,RESULTAT,TEMPS,NBVARIANTES,NBPOINTS) values (4,1303,'JUSTE',5,1,0.25);
Insert into EVALUATION (IDQ,NUMET,RESULTAT,TEMPS,NBVARIANTES,NBPOINTS) values (5,1303,'JUSTE',5,1,0.25);
Insert into EVALUATION (IDQ,NUMET,RESULTAT,TEMPS,NBVARIANTES,NBPOINTS) values (6,1303,'JUSTE',5,2,0.5);
Insert into EVALUATION (IDQ,NUMET,RESULTAT,TEMPS,NBVARIANTES,NBPOINTS) values (7,1303,'JUSTE',5,1,0.25);
Insert into EVALUATION (IDQ,NUMET,RESULTAT,TEMPS,NBVARIANTES,NBPOINTS) values (8,1303,'JUSTE',5,2,0.25);
Insert into EVALUATION (IDQ,NUMET,RESULTAT,TEMPS,NBVARIANTES,NBPOINTS) values (18,1303,'JUSTE',10,2,1);
Insert into EVALUATION (IDQ,NUMET,RESULTAT,TEMPS,NBVARIANTES,NBPOINTS) values (19,1303,'JUSTE',15,3,1.5);
Insert into EVALUATION (IDQ,NUMET,RESULTAT,TEMPS,NBVARIANTES,NBPOINTS) values (20,1303,'JUSTE',15,1,2);
Insert into EVALUATION (IDQ,NUMET,RESULTAT,TEMPS,NBVARIANTES,NBPOINTS) values (21,1303,'JUSTE',15,2,2.5);
Insert into EVALUATION (IDQ,NUMET,RESULTAT,TEMPS,NBVARIANTES,NBPOINTS) values (1,1313,'JUSTE',5,1,0.25);
Insert into EVALUATION (IDQ,NUMET,RESULTAT,TEMPS,NBVARIANTES,NBPOINTS) values (2,1313,'JUSTE',5,1,0.25);
Insert into EVALUATION (IDQ,NUMET,RESULTAT,TEMPS,NBVARIANTES,NBPOINTS) values (3,1313,'JUSTE',5,1,0.25);
Insert into EVALUATION (IDQ,NUMET,RESULTAT,TEMPS,NBVARIANTES,NBPOINTS) values (4,1313,'JUSTE',5,1,0.25);
Insert into EVALUATION (IDQ,NUMET,RESULTAT,TEMPS,NBVARIANTES,NBPOINTS) values (5,1313,'JUSTE',5,1,0.25);
Insert into EVALUATION (IDQ,NUMET,RESULTAT,TEMPS,NBVARIANTES,NBPOINTS) values (6,1313,'JUSTE',5,2,0.5);
Insert into EVALUATION (IDQ,NUMET,RESULTAT,TEMPS,NBVARIANTES,NBPOINTS) values (7,1313,'JUSTE',5,1,0.25);
Insert into EVALUATION (IDQ,NUMET,RESULTAT,TEMPS,NBVARIANTES,NBPOINTS) values (8,1313,'JUSTE',5,2,0.25);
Insert into EVALUATION (IDQ,NUMET,RESULTAT,TEMPS,NBVARIANTES,NBPOINTS) values (18,1313,'JUSTE',10,2,1);
Insert into EVALUATION (IDQ,NUMET,RESULTAT,TEMPS,NBVARIANTES,NBPOINTS) values (19,1313,'JUSTE',15,3,1.5);
Insert into EVALUATION (IDQ,NUMET,RESULTAT,TEMPS,NBVARIANTES,NBPOINTS) values (20,1313,'JUSTE',15,1,2);
Insert into EVALUATION (IDQ,NUMET,RESULTAT,TEMPS,NBVARIANTES,NBPOINTS) values (21,1313,'JUSTE',15,2,2.5);
Insert into EVALUATION (IDQ,NUMET,RESULTAT,TEMPS,NBVARIANTES,NBPOINTS) values (50,1501,'JUSTE',5,1,1);
Insert into EVALUATION (IDQ,NUMET,RESULTAT,TEMPS,NBVARIANTES,NBPOINTS) values (55,1501,'JUSTE',5,1,1);
Insert into EVALUATION (IDQ,NUMET,RESULTAT,TEMPS,NBVARIANTES,NBPOINTS) values (56,1501,'JUSTE',5,1,1);
Insert into EVALUATION (IDQ,NUMET,RESULTAT,TEMPS,NBVARIANTES,NBPOINTS) values (73,1501,'JUSTE',5,1,1);
Insert into EVALUATION (IDQ,NUMET,RESULTAT,TEMPS,NBVARIANTES,NBPOINTS) values (75,1501,'JUSTE',5,1,1);
Insert into EVALUATION (IDQ,NUMET,RESULTAT,TEMPS,NBVARIANTES,NBPOINTS) values (55,1502,'JUSTE',5,1,1);
Insert into EVALUATION (IDQ,NUMET,RESULTAT,TEMPS,NBVARIANTES,NBPOINTS) values (56,1502,'JUSTE',5,1,1);
Insert into EVALUATION (IDQ,NUMET,RESULTAT,TEMPS,NBVARIANTES,NBPOINTS) values (73,1502,'JUSTE',5,1,1);
Insert into EVALUATION (IDQ,NUMET,RESULTAT,TEMPS,NBVARIANTES,NBPOINTS) values (75,1502,'JUSTE',5,1,1);

---------------------------------------------------
--   END DATA FOR TABLE EVALUATION
---------------------------------------------------

---------------------------------------------------
--   DATA FOR TABLE THEMQUEST
--   FILTER = none used
---------------------------------------------------
Insert into THEMQUEST (IDQ,IDT) values (1,101);
Insert into THEMQUEST (IDQ,IDT) values (2,101);
Insert into THEMQUEST (IDQ,IDT) values (3,103);
Insert into THEMQUEST (IDQ,IDT) values (4,120);
Insert into THEMQUEST (IDQ,IDT) values (5,121);
Insert into THEMQUEST (IDQ,IDT) values (6,124);
Insert into THEMQUEST (IDQ,IDT) values (7,123);
Insert into THEMQUEST (IDQ,IDT) values (8,103);
Insert into THEMQUEST (IDQ,IDT) values (18,125);
Insert into THEMQUEST (IDQ,IDT) values (19,13);
Insert into THEMQUEST (IDQ,IDT) values (19,125);
Insert into THEMQUEST (IDQ,IDT) values (19,126);
Insert into THEMQUEST (IDQ,IDT) values (20,124);
Insert into THEMQUEST (IDQ,IDT) values (20,127);
Insert into THEMQUEST (IDQ,IDT) values (21,13);
Insert into THEMQUEST (IDQ,IDT) values (21,600);
Insert into THEMQUEST (IDQ,IDT) values (30,13);
Insert into THEMQUEST (IDQ,IDT) values (30,126);
Insert into THEMQUEST (IDQ,IDT) values (31,121);
Insert into THEMQUEST (IDQ,IDT) values (31,500);
Insert into THEMQUEST (IDQ,IDT) values (32,124);
Insert into THEMQUEST (IDQ,IDT) values (32,127);
Insert into THEMQUEST (IDQ,IDT) values (33,124);
Insert into THEMQUEST (IDQ,IDT) values (33,127);
Insert into THEMQUEST (IDQ,IDT) values (34,125);
Insert into THEMQUEST (IDQ,IDT) values (34,600);
Insert into THEMQUEST (IDQ,IDT) values (35,600);
Insert into THEMQUEST (IDQ,IDT) values (36,13);
Insert into THEMQUEST (IDQ,IDT) values (36,601);
Insert into THEMQUEST (IDQ,IDT) values (37,127);
Insert into THEMQUEST (IDQ,IDT) values (37,128);
Insert into THEMQUEST (IDQ,IDT) values (50,101);
Insert into THEMQUEST (IDQ,IDT) values (50,125);
Insert into THEMQUEST (IDQ,IDT) values (51,13);
Insert into THEMQUEST (IDQ,IDT) values (51,15);
Insert into THEMQUEST (IDQ,IDT) values (52,13);
Insert into THEMQUEST (IDQ,IDT) values (52,15);
Insert into THEMQUEST (IDQ,IDT) values (53,13);
Insert into THEMQUEST (IDQ,IDT) values (53,15);
Insert into THEMQUEST (IDQ,IDT) values (53,500);
Insert into THEMQUEST (IDQ,IDT) values (54,13);
Insert into THEMQUEST (IDQ,IDT) values (54,15);
Insert into THEMQUEST (IDQ,IDT) values (54,601);
Insert into THEMQUEST (IDQ,IDT) values (55,13);
Insert into THEMQUEST (IDQ,IDT) values (55,15);
Insert into THEMQUEST (IDQ,IDT) values (56,13);
Insert into THEMQUEST (IDQ,IDT) values (56,15);
Insert into THEMQUEST (IDQ,IDT) values (56,127);
Insert into THEMQUEST (IDQ,IDT) values (70,13);
Insert into THEMQUEST (IDQ,IDT) values (70,15);
Insert into THEMQUEST (IDQ,IDT) values (71,16);
Insert into THEMQUEST (IDQ,IDT) values (72,16);
Insert into THEMQUEST (IDQ,IDT) values (73,104);
Insert into THEMQUEST (IDQ,IDT) values (73,105);
Insert into THEMQUEST (IDQ,IDT) values (74,13);
Insert into THEMQUEST (IDQ,IDT) values (74,104);
Insert into THEMQUEST (IDQ,IDT) values (74,105);
Insert into THEMQUEST (IDQ,IDT) values (75,16);
Insert into THEMQUEST (IDQ,IDT) values (76,104);
Insert into THEMQUEST (IDQ,IDT) values (76,105);

---------------------------------------------------
--   END DATA FOR TABLE THEMQUEST
---------------------------------------------------

--------------------------------------------------------
--  Constraints for Table EVALUATION
--------------------------------------------------------
  ALTER TABLE EVALUATION ADD CONSTRAINT DOM_RESULTAT CHECK (RESULTAT IN ('FAUX','JUSTE', 'INCOMPLET','NON OPTIMAL')) ;
 
  ALTER TABLE EVALUATION ADD CONSTRAINT PK_EVALUATION PRIMARY KEY (IDQ, NUMET) ;
--------------------------------------------------------
--  Constraints for Table THEME
--------------------------------------------------------

  ALTER TABLE THEME ADD CONSTRAINT PK_THEME PRIMARY KEY (IDT) ;
--------------------------------------------------------
--  Constraints for Table THEMQUEST
--------------------------------------------------------

  ALTER TABLE THEMQUEST ADD CONSTRAINT PK_THEMQUEST PRIMARY KEY (IDQ, IDT) ;
--------------------------------------------------------
--  Constraints for Table ETUDIANT
--------------------------------------------------------

  ALTER TABLE ETUDIANT ADD CONSTRAINT CP_ETUDIANT PRIMARY KEY (NUMET) ;
--------------------------------------------------------
--  Constraints for Table QUESTION
--------------------------------------------------------

  ALTER TABLE QUESTION ADD CONSTRAINT DOM_NIVEAU CHECK (NIVEAU IN ('FACILE', 'NORMAL', 'DIFFICILE', 'COMPLEXE')) ;
 
  ALTER TABLE QUESTION ADD CONSTRAINT PK_QUESTION PRIMARY KEY (IDQ) ;
--------------------------------------------------------
--  Ref Constraints for Table EVALUATION
--------------------------------------------------------

  ALTER TABLE EVALUATION ADD CONSTRAINT FK_EVALUATION_IDQ FOREIGN KEY (IDQ)
	  REFERENCES QUESTION (IDQ) ;

  ALTER TABLE EVALUATION ADD CONSTRAINT FK_EVALUATION_NUMET FOREIGN KEY (NumEt) 
          REFERENCES ETUDIANT (NumEt) ;

--------------------------------------------------------
--  Ref Constraints for Table THEME
--------------------------------------------------------

  ALTER TABLE THEME ADD CONSTRAINT FK_THEME_IDTPERE FOREIGN KEY (IDTPERE)
	  REFERENCES THEME (IDT) ;
--------------------------------------------------------
--  Ref Constraints for Table THEMQUEST
--------------------------------------------------------

  ALTER TABLE THEMQUEST ADD CONSTRAINT FK_THEMQUEST_IDQ FOREIGN KEY (IDQ)
	  REFERENCES QUESTION (IDQ) ;
 
  ALTER TABLE THEMQUEST ADD CONSTRAINT FK_THEMQUEST_IDT FOREIGN KEY (IDT)
	  REFERENCES THEME (IDT) ;



